{
  "abs_rel": 0.40354311898350714,
  "rmse": 7.93090282201767,
  "rmse_log": 3.211326631307602,
  "log10": 0.4454285079985857,
  "delta1": 0.3484709322452545,
  "delta2": 0.7614651575684548,
  "delta3": 0.8727069574594498,
  "num_samples": 100
}