{
  "abs_rel": 0.40217661470174787,
  "rmse": 7.939414176940918,
  "rmse_log": 3.134996492266655,
  "log10": 0.4357625461369753,
  "delta1": 0.3555103859305382,
  "delta2": 0.7592476147413254,
  "delta3": 0.8720554149150849,
  "num_samples": 100
}